{"cameraMode":{"drawMode":0,"name":"Shaded","section":"Shading Mode"},"sceneLighting":false,"audioPlay":false,"sceneViewState":{"showFog":true,"showMaterialUpdate":false,"showSkybox":false,"showFlares":true,"showImageEffects":true,"showParticleSystems":true,"showVisualEffectGraphs":true,"m_FxEnabled":true},"in2DMode":false,"pivot":{"x":-23.530071258544923,"y":3.264582633972168,"z":-0.5586729049682617},"rotation":{"x":-0.19701209664344788,"y":-0.002356057520955801,"z":0.0004728263011202216,"w":-0.9804005026817322},"size":1.2247449159622193,"orthographic":false}